ST	wzy
Onovel31__574	Onovel31__574
Onovel30__639	Onovel30__639
Onovel29__637	Onovel29__637
Onovel28__635	Onovel28__635
Onovel27__634	Onovel27__634
Onovel26__632	Onovel26__632
Onovel25__629	Onovel25__629
Onovel24__628	Onovel24__628
Onovel23__625	Onovel23__625
Onovel22__623	Onovel22__623
Onovel21__622	Onovel21__622
Onovel20__620	Onovel20__620
Onovel19__617	Onovel19__617
Onovel18__615	Onovel18__615
Onovel17__613	Onovel17__613
Onovel16__611	Onovel16__611
Onovel15__610	Onovel15__610
Onovel14__608	Onovel14__608
Onovel13__606	Onovel13__606
Onovel12__603	Onovel12__603
Onovel11__601	Onovel11__601
Onovel10__599	Onovel10__599
Onovel9__597	Onovel9__597
Onovel8__596	Onovel8__596
Onovel7__591	Onovel7__591
Onovel6__589	Onovel6__589
Onovel5__587	Onovel5__587
Onovel4__585	Onovel4__585
Onovel3__583	Onovel3__583
Onovel3__582	Onovel3__582
Onovel2__580	Onovel2__580
Onovel1__577	Onovel1__577
Onovel1__576	Onovel1__576
O187__455	O187__455
O185__453	O185__453
O184__452	O184__452
O183Gp16__451	O183Gp16__451
O182__450	O182__450
O181__449	O181__449
O180__448	O180__448
O180__447	O180__447
O179__445	O179__445
O178Gp11__444	O178Gp11__444
O177__443	O177__443
O176__442	O176__442
O175__441	O175__441
O174__568	O174__568
O174__439	O174__439
O173__438	O173__438
O172__437	O172__437
O171__436	O171__436
O170__435	O170__435
O169Gp16__433	O169Gp16__433
O168__432	O168__432
O167__431	O167__431
O166__430	O166__430
O165__429	O165__429
O164Gp13__428	O164Gp13__428
O164Gp13__427	O164Gp13__427
O163__426	O163__426
O161__425	O161__425
O160__424	O160__424
O159__422	O159__422
O158__421	O158__421
O157__420	O157__420
O157__418	O157__418
O157__417	O157__417
O157__416	O157__416
O156__415	O156__415
O155__414	O155__414
O154__413	O154__413
O153var2__560	O153var2__560
O153Gp11__412	O153Gp11__412
O152__411	O152__411
O151Gp3__410	O151Gp3__410
O150__409	O150__409
O149__407	O149__407
O148__406	O148__406
O147__405	O147__405
O146__404	O146__404
O145__402	O145__402
O145__401	O145__401
O144__400	O144__400
O143__399	O143__399
O142__398	O142__398
O141__397	O141__397
O140__396	O140__396
O139__395	O139__395
O138__394	O138__394
O137Gp1__393	O137Gp1__393
O136__392	O136__392
O134Gp6__389	O134Gp6__389
O133__388	O133__388
O132__387	O132__387
O131__386	O131__386
O130__385	O130__385
O129Gp10__382	O129Gp10__382
O129/O13/O135Gp10__383	O129/O13/O135Gp10__383
O128__381	O128__381
O127Gp4__379	O127Gp4__379
O127Gp4__378	O127Gp4__378
O126__377	O126__377
O126__376	O126__376
O125__375	O125__375
O124var1__554	O124var1__554
O124Gp13__374	O124Gp13__374
O124Gp13__373	O124Gp13__373
O123/O186Gp5__370	O123/O186Gp5__370
O121__369	O121__369
O121__368	O121__368
O121__367	O121__367
O121__366	O121__366
O120__365	O120__365
O119__363	O119__363
O118Gp3__361	O118Gp3__361
O117Gp8__360	O117Gp8__360
O117Gp8__359	O117Gp8__359
O116var1__552	O116var1__552
O116__358	O116__358
O115__357	O115__357
O114__356	O114__356
O113__355	O113__355
O112__354	O112__354
O112__353	O112__353
O111__352	O111__352
O110__350	O110__350
O109__348	O109__348
O108var1__562	O108var1__562
O108__347	O108__347
O107Gp8__346	O107Gp8__346
O106Gp9__344	O106Gp9__344
O105__343	O105__343
O104__342	O104__342
O103__341	O103__341
O103__340	O103__340
O103__339	O103__339
O103__337	O103__337
O102__336	O102__336
O102__335	O102__335
O100__334	O100__334
O98__551	O98__551
O96__550	O96__550
O93__549	O93__549
O91__548	O91__548
O90Gp4__547	O90Gp4__547
O88__546	O88__546
O87__545	O87__545
O86__544	O86__544
O86__543	O86__543
O86__542	O86__542
O85__541	O85__541
O84__540	O84__540
O83__539	O83__539
O82__538	O82__538
O81__537	O81__537
O80__536	O80__536
O79__533	O79__533
O78__532	O78__532
O76__530	O76__530
O75__529	O75__529
O74__528	O74__528
O73Gp9__527	O73Gp9__527
O71__526	O71__526
O70__525	O70__525
O69__521	O69__521
O68Gp14__520	O68Gp14__520
O66__519	O66__519
O65__518	O65__518
O64__517	O64__517
O63__516	O63__516
O63__515	O63__515
O62Gp14__514	O62Gp14__514
O61__513	O61__513
O59__509	O59__509
O58__508	O58__508
O56__507	O56__507
O55__505	O55__505
O55__504	O55__504
O54__503	O54__503
O53__502	O53__502
O51__501	O51__501
O50Gp7__500	O50Gp7__500
O49__498	O49__498
O48__497	O48__497
O46Gp6__496	O46Gp6__496
O45__495	O45__495
O45__493	O45__493
O45__492	O45__492
O45__491	O45__491
O43__489	O43__489
O41__486	O41__486
O40__566	O40__566
O40__485	O40__485
O39__483	O39__483
O38__482	O38__482
O37__481	O37__481
O36__480	O36__480
O35__479	O35__479
O34__478	O34__478
O33__477	O33__477
O32__476	O32__476
O30__475	O30__475
O29__473	O29__473
O28acGp2__472	O28acGp2__472
O28ac/O42Gp2__471	O28ac/O42Gp2__471
O28ab__470	O28ab__470
O27__469	O27__469
O26__468	O26__468
O25__467	O25__467
O24__466	O24__466
O23__465	O23__465
O22__572	O22__572
O22__464	O22__464
O21__462	O21__462
O20Gp1__461	O20Gp1__461
O19__458	O19__458
O18Gp12__446	O18Gp12__446
O18ac__457	O18ac__457
O18ab__456	O18ab__456
O17/O44/O77Gp9__434	O17/O44/O77Gp9__434
O16__423	O16__423
O15__408	O15__408
O12__364	O12__364
O11__349	O11__349
O10__333	O10__333
O8__535	O8__535
O8__534	O8__534
O7/O111__351	O7/O111__351
O7__523	O7__523
O7__522	O7__522
O6__512	O6__512
O6__511	O6__511
O6__510	O6__510
O5__499	O5__499
O4__484	O4__484
O3__474	O3__474
O2var1__556	O2var1__556
O2Gp7__459	O2Gp7__459
O1__332	O1__332
