ST	fliC
H1__1	H1__1
H1__2	H1__2
H10__3	H10__3
H10__4	H10__4
H11__5	H11__5
H11__6	H11__6
H11__7	H11__7
H12__10	H12__10
H12__8	H12__8
H12__9	H12__9
H14__11	H14__11
H15__12	H15__12
H16__13	H16__13
H16__14	H16__14
H16__15	H16__15
H16__16	H16__16
H17__85	H17__85
H18__17	H18__17
H19__18	H19__18
H19__19	H19__19
H2__20	H2__20
H2__21	H2__21
H20__22	H20__22
H21__23	H21__23
H23__24	H23__24
H24__25	H24__25
H25__26	H25__26
H26__27	H26__27
H27__28	H27__28
H28__29	H28__29
H29__30	H29__30
H3__77	H3__77
H30__31	H30__31
H31__32	H31__32
H32__33	H32__33
H33__34	H33__34
H34__35	H34__35
H34__36	H34__36
H35__78	H35__78
H36__79	H36__79
H37__37	H37__37
H38__38	H38__38
H38__39	H38__39
H38__40	H38__40
H39__41	H39__41
H4__42	H4__42
H4__43	H4__43
H4__44	H4__44
H40__46	H40__46
H40__47	H40__47
H41__48	H41__48
H42__49	H42__49
H43__50	H43__50
H44__82	H44__82
H45__51	H45__51
H46__52	H46__52
H46__53	H46__53
H47__80	H47__80
H48__54	H48__54
H49__55	H49__55
H49__56	H49__56
H5__57	H5__57
H5__58	H5__58
H51__59	H51__59
H51__60	H51__60
H52__61	H52__61
H53__81	H53__81
H54__84	H54__84
H55__83	H55__83
H56__62	H56__62
H6__63	H6__63
H7__64	H7__64
H7__65	H7__65
H7__66	H7__66
H7__67	H7__67
H7__68	H7__68
H7__69	H7__69
H7__70	H7__70
H7__71	H7__71
H7__72	H7__72
H8__74	H8__74
H8__75	H8__75
H9__76	H9__76
