ST	wzx
Onovel31__573	Onovel31__573
Onovel30__640	Onovel30__640
Onovel29__638	Onovel29__638
Onovel28__636	Onovel28__636
Onovel27__633	Onovel27__633
Onovel26__631	Onovel26__631
Onovel25__630	Onovel25__630
Onovel24__627	Onovel24__627
Onovel23__626	Onovel23__626
Onovel22__624	Onovel22__624
Onovel21__621	Onovel21__621
Onovel20__619	Onovel20__619
Onovel19__618	Onovel19__618
Onovel18__616	Onovel18__616
Onovel17__614	Onovel17__614
Onovel16__612	Onovel16__612
Onovel15__609	Onovel15__609
Onovel14__607	Onovel14__607
Onovel13__605	Onovel13__605
Onovel12__604	Onovel12__604
Onovel11__602	Onovel11__602
Onovel10__600	Onovel10__600
Onovel9__598	Onovel9__598
Onovel8__595	Onovel8__595
Onovel7__592	Onovel7__592
Onovel6__590	Onovel6__590
Onovel5__588	Onovel5__588
Onovel4__586	Onovel4__586
Onovel3__584	Onovel3__584
Onovel3__581	Onovel3__581
Onovel2__579	Onovel2__579
Onovel1__578	Onovel1__578
Onovel1__575	Onovel1__575
O187__234	O187__234
O186Gp5__233	O186Gp5__233
O185__232	O185__232
O184__231	O184__231
O183Gp16__230	O183Gp16__230
O182__229	O182__229
O181__228	O181__228
O180__226	O180__226
O179__224	O179__224
O177__222	O177__222
O176__221	O176__221
O175__220	O175__220
O174__567	O174__567
O174__219	O174__219
O174__218	O174__218
O173__217	O173__217
O172__216	O172__216
O171__215	O171__215
O170__214	O170__214
O169Gp16__212	O169Gp16__212
O168__211	O168__211
O167__210	O167__210
O166__209	O166__209
O165__208	O165__208
O164Gp13__207	O164Gp13__207
O164Gp13__206	O164Gp13__206
O163__205	O163__205
O161__204	O161__204
O160__203	O160__203
O159__201	O159__201
O158__200	O158__200
O157__199	O157__199
O157__198	O157__198
O157__197	O157__197
O157__196	O157__196
O157__195	O157__195
O156__194	O156__194
O155__193	O155__193
O154__192	O154__192
O153var2__559	O153var2__559
O153var1__557	O153var1__557
O153/O178Gp11__191	O153/O178Gp11__191
O152__190	O152__190
O150__188	O150__188
O149__186	O149__186
O148__185	O148__185
O147__184	O147__184
O146__183	O146__183
O145__181	O145__181
O145__180	O145__180
O144__179	O144__179
O143__178	O143__178
O142__177	O142__177
O141__176	O141__176
O140__175	O140__175
O139__174	O139__174
O138__173	O138__173
O137Gp1__172	O137Gp1__172
O136__171	O136__171
O135Gp10__170	O135Gp10__170
O135Gp10__169	O135Gp10__169
O134Gp6__168	O134Gp6__168
O133__167	O133__167
O132__166	O132__166
O131__165	O131__165
O130__164	O130__164
O129Gp10__161	O129Gp10__161
O128__160	O128__160
O127Gp4__159	O127Gp4__159
O127Gp4__158	O127Gp4__158
O127Gp4__157	O127Gp4__157
O126__156	O126__156
O126__155	O126__155
O125__154	O125__154
O124Gp13__152	O124Gp13__152
O123Gp5__151	O123Gp5__151
O123Gp5__150	O123Gp5__150
O123Gp5__149	O123Gp5__149
O121__145	O121__145
O120__144	O120__144
O119__142	O119__142
O118/O151Gp3__140	O118/O151Gp3__140
O117Gp8__138	O117Gp8__138
O116var1__553	O116var1__553
O116__137	O116__137
O115__136	O115__136
O114__135	O114__135
O113__134	O113__134
O112__133	O112__133
O112__132	O112__132
O111__131	O111__131
O110__129	O110__129
O109__127	O109__127
O108var1__594	O108var1__594
O108var1__561	O108var1__561
O108__126	O108__126
O107-Gp8__125	O107-Gp8__125
O106Gp9__123	O106Gp9__123
O105__122	O105__122
O104__121	O104__121
O104__120	O104__120
O103__119	O103__119
O103__117	O103__117
O102__116	O102__116
O102__115	O102__115
O100__114	O100__114
O98__331	O98__331
O96__330	O96__330
O93__329	O93__329
O91__328	O91__328
O90Gp4__327	O90Gp4__327
O88__326	O88__326
O87__325	O87__325
O86__324	O86__324
O86__323	O86__323
O86__322	O86__322
O85__321	O85__321
O84__320	O84__320
O83__319	O83__319
O82__318	O82__318
O81__317	O81__317
O80__316	O80__316
O79__313	O79__313
O78__312	O78__312
O76__310	O76__310
O75__309	O75__309
O74__308	O74__308
O73Gp9__307	O73Gp9__307
O71__306	O71__306
O70__305	O70__305
O69__300	O69__300
O68Gp14__299	O68Gp14__299
O66__298	O66__298
O65__297	O65__297
O64__296	O64__296
O63__295	O63__295
O63__294	O63__294
O62Gp14__293	O62Gp14__293
O61__292	O61__292
O59__288	O59__288
O58__287	O58__287
O56__286	O56__286
O55__285	O55__285
O55__284	O55__284
O55__283	O55__283
O54__282	O54__282
O53__281	O53__281
O51__280	O51__280
O49__277	O49__277
O48__276	O48__276
O46Gp6__275	O46Gp6__275
O45__274	O45__274
O45__271	O45__271
O45__270	O45__270
O44Gp9__269	O44Gp9__269
O43__268	O43__268
O41__265	O41__265
O40__565	O40__565
O40__264	O40__264
O39__262	O39__262
O38__261	O38__261
O37__260	O37__260
O36__259	O36__259
O35__258	O35__258
O34__257	O34__257
O33__256	O33__256
O32__255	O32__255
O30__254	O30__254
O29__252	O29__252
O28acGp2__251	O28acGp2__251
O28ac/O42Gp2__250	O28ac/O42Gp2__250
O28ab__249	O28ab__249
O27__248	O27__248
O26__247	O26__247
O25__246	O25__246
O24__245	O24__245
O23__244	O23__244
O22__571	O22__571
O22__243	O22__243
O22__242	O22__242
O21__241	O21__241
O20Gp1__240	O20Gp1__240
O19__237	O19__237
O18Gp12__225	O18Gp12__225
O18ab__235	O18ab__235
O17/O77Gp9__213	O17/O77Gp9__213
O16__202	O16__202
O15__187	O15__187
O13/O129Gp10__162	O13/O129Gp10__162
O12__143	O12__143
O11__128	O11__128
O10__113	O10__113
O8__315	O8__315
O8__314	O8__314
O7/O111__130	O7/O111__130
O7__303	O7__303
O7__302	O7__302
O7__301	O7__301
O6__291	O6__291
O6__290	O6__290
O6__289	O6__289
O5__278	O5__278
O4__263	O4__263
O3__253	O3__253
O2var1__555	O2var1__555
O2/O50Gp7__238	O2/O50Gp7__238
O1__112	O1__112
